{
  "Normal": {
    "month_sin": 0.12541551887989044,
    "month_cos": 0.14883750677108765,
    "rain_z_lag1": 0.5530127286911011,
    "rain_z_lag2": 0.7223201394081116,
    "rain_z_roll3": 0.018141409382224083,
    "rain_z_trend": 0.06070324033498764,
    "temp_z_lag1": 0.05796544626355171,
    "temp_z_lag2": 0.33438336849212646,
    "temp_z_roll3": 0.04997371509671211,
    "soil_z_lag1": 0.46872177720069885,
    "soil_z_lag2": 0.11121606081724167,
    "soil_z_roll3": 0.11623536795377731,
    "roll3_lag1": 1.0135886669158936,
    "ndvi_z_lag1": 0.06134986877441406,
    "ndvi_z_lag2": 0.020220370963215828,
    "flow_z_lag1": 0.030832313001155853,
    "flow_z_lag2": 0.016678692772984505,
    "irrigation_efficiency": 0.027024857699871063
  },
  "Watch": {
    "month_sin": 0.024601561948657036,
    "month_cos": 0.0477634035050869,
    "rain_z_lag1": 0.10279963165521622,
    "rain_z_lag2": 0.26103484630584717,
    "rain_z_roll3": 0.06105925515294075,
    "rain_z_trend": 0.013219202868640423,
    "temp_z_lag1": 0.1108914166688919,
    "temp_z_lag2": 0.11567794531583786,
    "temp_z_roll3": 0.013761362060904503,
    "soil_z_lag1": 0.09804771840572357,
    "soil_z_lag2": 0.3219068944454193,
    "soil_z_roll3": 0.16093970835208893,
    "roll3_lag1": 0.8790014982223511,
    "ndvi_z_lag1": 0.07278577238321304,
    "ndvi_z_lag2": 0.0596761591732502,
    "flow_z_lag1": 0.05236435309052467,
    "flow_z_lag2": 0.061015281826257706,
    "irrigation_efficiency": 0.026639152318239212
  },
  "Warning": {
    "month_sin": 0.011975456960499287,
    "month_cos": 0.07815621048212051,
    "rain_z_lag1": 0.26478320360183716,
    "rain_z_lag2": 0.6270539164543152,
    "rain_z_roll3": 0.08414516597986221,
    "rain_z_trend": 0.04180563986301422,
    "temp_z_lag1": 0.21168683469295502,
    "temp_z_lag2": 0.24337400496006012,
    "temp_z_roll3": 0.03545018285512924,
    "soil_z_lag1": 0.8333781361579895,
    "soil_z_lag2": 0.0756920650601387,
    "soil_z_roll3": 0.5270150899887085,
    "roll3_lag1": 0.5396392345428467,
    "ndvi_z_lag1": 0.0752214640378952,
    "ndvi_z_lag2": 0.2920478284358978,
    "flow_z_lag1": 0.00658646784722805,
    "flow_z_lag2": 0.05704134330153465,
    "irrigation_efficiency": 0.02751162461936474
  },
  "Emergency": {
    "month_sin": 0.003098488552495837,
    "month_cos": 0.018674371764063835,
    "rain_z_lag1": 0.35630762577056885,
    "rain_z_lag2": 0.004246242344379425,
    "rain_z_roll3": 0.06715745478868484,
    "rain_z_trend": 0.17707893252372742,
    "temp_z_lag1": 0.6050108075141907,
    "temp_z_lag2": 0.31196796894073486,
    "temp_z_roll3": 0.12540774047374725,
    "soil_z_lag1": 0.776165783405304,
    "soil_z_lag2": 0.9460190534591675,
    "soil_z_roll3": 0.020561227574944496,
    "roll3_lag1": 0.010880139656364918,
    "ndvi_z_lag1": 0.006081783212721348,
    "ndvi_z_lag2": 0.02911531552672386,
    "flow_z_lag1": 0.04285554215312004,
    "flow_z_lag2": 0.3065563440322876,
    "irrigation_efficiency": 0.2419925332069397
  }
}